method,best_accuracy
t_test,0.9152792334835622
relative_entropy,0.898959704122947
svm_rfe,0.8755315267054078
wilcoxon,0.7998861638076606
bhattacharyya,0.7038029343146731
