method,best_accuracy
relative_entropy,0.8962822729972401
t_test,0.873083514811321
svm_rfe,0.8565988598912296
bhattacharyya,0.8540373029459604
wilcoxon,0.8374860252244698
